,fall_time,z_velocity,y_acceleration,responsible
0,243.3983130455017,-0.5038705109837902,1.031005859375,z_vel
