,fall_time,z_velocity,y_acceleration,responsible
0,7.980975866317749,0.03387269436764813,-0.513427734375,y_accel
