,fall_time,z_velocity,y_acceleration,responsible
0,79.49728417396545,-1.1122477342021777,0.864990234375,z_vel
