,fall_time,z_velocity,y_acceleration,responsible
0,264.09465503692627,0.026071148621352125,-0.624755859375,y_accel
