,fall_time,z_velocity,y_acceleration,responsible
0,9.215094089508057,0.0035672415080942976,0.8828125,y_accel
