,fall_time,z_velocity,y_acceleration,responsible
0,514.1147487163544,0.06868831081958898,-0.863037109375,y_accel
